<CodeSystem xmlns="http://hl7.org/fhir">
	<url value="http://fhir.de/CodeSystem/deuev/anlage-6-vorsatzworte"/>
	<version value="2.30"/>
	<name value="deuev-anlage-6-vorsatzworte"/>
	<status value="draft"/>
	<experimental value="true"/>
	<date value="2017-09-15"/>
	<publisher value="HL7 Deutschland e.V. (Technisches Komitee FHIR)"/>
	<contact>
		<telecom>
			<system value="other"/>
			<value value="http://hl7.de/technische-komitees/fhir/"/>
		</telecom>
	</contact>
	<description value="Tabelle der gültigen Vorsatzworte"/>
	<copyright value="GKV-Spitzenverband"/>
	<content value="complete"/>
	<concept>
		<code value="a"/>
		<display value="a"/>
	</concept>
	<concept>
		<code value="aan de"/>
		<display value="aan de"/>
	</concept>
	<concept>
		<code value="aan den"/>
		<display value="aan den"/>
	</concept>
	<concept>
		<code value="al"/>
		<display value="al"/>
	</concept>
	<concept>
		<code value="am"/>
		<display value="am"/>
	</concept>
	<concept>
		<code value="an"/>
		<display value="an"/>
	</concept>
	<concept>
		<code value="an der"/>
		<display value="an der"/>
	</concept>
	<concept>
		<code value="auf"/>
		<display value="auf"/>
	</concept>
	<concept>
		<code value="auf dem"/>
		<display value="auf dem"/>
	</concept>
	<concept>
		<code value="auf der"/>
		<display value="auf der"/>
	</concept>
	<concept>
		<code value="auf m"/>
		<display value="auf m"/>
	</concept>
	<concept>
		<code value="aufm"/>
		<display value="aufm"/>
	</concept>
	<concept>
		<code value="auff m"/>
		<display value="auff m"/>
	</concept>
	<concept>
		<code value="aus"/>
		<display value="aus"/>
	</concept>
	<concept>
		<code value="aus dem"/>
		<display value="aus dem"/>
	</concept>
	<concept>
		<code value="aus den"/>
		<display value="aus den"/>
	</concept>
	<concept>
		<code value="aus der"/>
		<display value="aus der"/>
	</concept>
	<concept>
		<code value="b"/>
		<display value="b"/>
	</concept>
	<concept>
		<code value="be"/>
		<display value="be"/>
	</concept>
	<concept>
		<code value="bei"/>
		<display value="bei"/>
	</concept>
	<concept>
		<code value="bei der"/>
		<display value="bei der"/>
	</concept>
	<concept>
		<code value="beim"/>
		<display value="beim"/>
	</concept>
	<concept>
		<code value="ben"/>
		<display value="ben"/>
	</concept>
	<concept>
		<code value="bey"/>
		<display value="bey"/>
	</concept>
	<concept>
		<code value="bey der"/>
		<display value="bey der"/>
	</concept>
	<concept>
		<code value="che"/>
		<display value="che"/>
	</concept>
	<concept>
		<code value="cid"/>
		<display value="cid"/>
	</concept>
	<concept>
		<code value="d"/>
		<display value="d"/>
	</concept>
	<concept>
		<code value="d."/>
		<display value="d."/>
	</concept>
	<concept>
		<code value="d'"/>
		<display value="d'"/>
	</concept>
	<concept>
		<code value="da"/>
		<display value="da"/>
	</concept>
	<concept>
		<code value="da costa"/>
		<display value="da costa"/>
	</concept>
	<concept>
		<code value="da las"/>
		<display value="da las"/>
	</concept>
	<concept>
		<code value="da silva"/>
		<display value="da silva"/>
	</concept>
	<concept>
		<code value="dal"/>
		<display value="dal"/>
	</concept>
	<concept>
		<code value="dall"/>
		<display value="dall"/>
	</concept>
	<concept>
		<code value="dall'"/>
		<display value="dall'"/>
	</concept>
	<concept>
		<code value="dalla"/>
		<display value="dalla"/>
	</concept>
	<concept>
		<code value="dalle"/>
		<display value="dalle"/>
	</concept>
	<concept>
		<code value="dallo"/>
		<display value="dallo"/>
	</concept>
	<concept>
		<code value="das"/>
		<display value="das"/>
	</concept>
	<concept>
		<code value="de"/>
		<display value="de"/>
	</concept>
	<concept>
		<code value="degli"/>
		<display value="degli"/>
	</concept>
	<concept>
		<code value="dei"/>
		<display value="dei"/>
	</concept>
	<concept>
		<code value="den"/>
		<display value="den"/>
	</concept>
	<concept>
		<code value="de l '"/>
		<display value="de l '"/>
	</concept>
	<concept>
		<code value="de la"/>
		<display value="de la"/>
	</concept>
	<concept>
		<code value="de las"/>
		<display value="de las"/>
	</concept>
	<concept>
		<code value="de le"/>
		<display value="de le"/>
	</concept>
	<concept>
		<code value="de los"/>
		<display value="de los"/>
	</concept>
	<concept>
		<code value="del"/>
		<display value="del"/>
	</concept>
	<concept>
		<code value="del coz"/>
		<display value="del coz"/>
	</concept>
	<concept>
		<code value="deli"/>
		<display value="deli"/>
	</concept>
	<concept>
		<code value="dell"/>
		<display value="dell"/>
	</concept>
	<concept>
		<code value="dell'"/>
		<display value="dell'"/>
	</concept>
	<concept>
		<code value="della"/>
		<display value="della"/>
	</concept>
	<concept>
		<code value="delle"/>
		<display value="delle"/>
	</concept>
	<concept>
		<code value="delli"/>
		<display value="delli"/>
	</concept>
	<concept>
		<code value="dello"/>
		<display value="dello"/>
	</concept>
	<concept>
		<code value="der"/>
		<display value="der"/>
	</concept>
	<concept>
		<code value="des"/>
		<display value="des"/>
	</concept>
	<concept>
		<code value="di"/>
		<display value="di"/>
	</concept>
	<concept>
		<code value="dit"/>
		<display value="dit"/>
	</concept>
	<concept>
		<code value="do"/>
		<display value="do"/>
	</concept>
	<concept>
		<code value="do ceu"/>
		<display value="do ceu"/>
	</concept>
	<concept>
		<code value="don"/>
		<display value="don"/>
	</concept>
	<concept>
		<code value="don le"/>
		<display value="don le"/>
	</concept>
	<concept>
		<code value="dos"/>
		<display value="dos"/>
	</concept>
	<concept>
		<code value="dos santos"/>
		<display value="dos santos"/>
	</concept>
	<concept>
		<code value="du"/>
		<display value="du"/>
	</concept>
	<concept>
		<code value="dy"/>
		<display value="dy"/>
	</concept>
	<concept>
		<code value="m"/>
		<display value="m"/>
	</concept>
	<concept>
		<code value="mc"/>
		<display value="mc"/>
	</concept>
	<concept>
		<code value="mac"/>
		<display value="mac"/>
	</concept>
	<concept>
		<code value="n"/>
		<display value="n"/>
	</concept>
	<concept>
		<code value="o"/>
		<display value="o"/>
	</concept>
	<concept>
		<code value="o'"/>
		<display value="o'"/>
	</concept>
	<concept>
		<code value="op"/>
		<display value="op"/>
	</concept>
	<concept>
		<code value="op de"/>
		<display value="op de"/>
	</concept>
	<concept>
		<code value="op den"/>
		<display value="op den"/>
	</concept>
	<concept>
		<code value="op gen"/>
		<display value="op gen"/>
	</concept>
	<concept>
		<code value="op het"/>
		<display value="op het"/>
	</concept>
	<concept>
		<code value="op te"/>
		<display value="op te"/>
	</concept>
	<concept>
		<code value="op ten"/>
		<display value="op ten"/>
	</concept>
	<concept>
		<code value="oude"/>
		<display value="oude"/>
	</concept>
	<concept>
		<code value="pla"/>
		<display value="pla"/>
	</concept>
	<concept>
		<code value="pro"/>
		<display value="pro"/>
	</concept>
	<concept>
		<code value="s"/>
		<display value="s"/>
	</concept>
	<concept>
		<code value="st."/>
		<display value="st."/>
	</concept>
	<concept>
		<code value="el"/>
		<display value="el"/>
	</concept>
	<concept>
		<code value="g"/>
		<display value="g"/>
	</concept>
	<concept>
		<code value="gen"/>
		<display value="gen"/>
	</concept>
	<concept>
		<code value="gil"/>
		<display value="gil"/>
	</concept>
	<concept>
		<code value="gli"/>
		<display value="gli"/>
	</concept>
	<concept>
		<code value="grosse"/>
		<display value="grosse"/>
	</concept>
	<concept>
		<code value="große"/>
		<display value="große"/>
	</concept>
	<concept>
		<code value="i"/>
		<display value="i"/>
	</concept>
	<concept>
		<code value="im"/>
		<display value="im"/>
	</concept>
	<concept>
		<code value="in"/>
		<display value="in"/>
	</concept>
	<concept>
		<code value="in de"/>
		<display value="in de"/>
	</concept>
	<concept>
		<code value="in den"/>
		<display value="in den"/>
	</concept>
	<concept>
		<code value="in der"/>
		<display value="in der"/>
	</concept>
	<concept>
		<code value="in het"/>
		<display value="in het"/>
	</concept>
	<concept>
		<code value="in't"/>
		<display value="in't"/>
	</concept>
	<concept>
		<code value="kl"/>
		<display value="kl"/>
	</concept>
	<concept>
		<code value="kleine"/>
		<display value="kleine"/>
	</concept>
	<concept>
		<code value="l"/>
		<display value="l"/>
	</concept>
	<concept>
		<code value="l."/>
		<display value="l."/>
	</concept>
	<concept>
		<code value="l'"/>
		<display value="l'"/>
	</concept>
	<concept>
		<code value="la"/>
		<display value="la"/>
	</concept>
	<concept>
		<code value="le"/>
		<display value="le"/>
	</concept>
	<concept>
		<code value="lee"/>
		<display value="lee"/>
	</concept>
	<concept>
		<code value="li"/>
		<display value="li"/>
	</concept>
	<concept>
		<code value="lo"/>
		<display value="lo"/>
	</concept>
	<concept>
		<code value="t"/>
		<display value="t"/>
	</concept>
	<concept>
		<code value="te"/>
		<display value="te"/>
	</concept>
	<concept>
		<code value="ten"/>
		<display value="ten"/>
	</concept>
	<concept>
		<code value="ter"/>
		<display value="ter"/>
	</concept>
	<concept>
		<code value="thi"/>
		<display value="thi"/>
	</concept>
	<concept>
		<code value="tho"/>
		<display value="tho"/>
	</concept>
	<concept>
		<code value="thom"/>
		<display value="thom"/>
	</concept>
	<concept>
		<code value="thor"/>
		<display value="thor"/>
	</concept>
	<concept>
		<code value="thum"/>
		<display value="thum"/>
	</concept>
	<concept>
		<code value="to"/>
		<display value="to"/>
	</concept>
	<concept>
		<code value="tom"/>
		<display value="tom"/>
	</concept>
	<concept>
		<code value="tor"/>
		<display value="tor"/>
	</concept>
	<concept>
		<code value="tu"/>
		<display value="tu"/>
	</concept>
	<concept>
		<code value="tum"/>
		<display value="tum"/>
	</concept>
	<concept>
		<code value="unten"/>
		<display value="unten"/>
	</concept>
	<concept>
		<code value="unter"/>
		<display value="unter"/>
	</concept>
	<concept>
		<code value="unterm"/>
		<display value="unterm"/>
	</concept>
	<concept>
		<code value="v."/>
		<display value="v."/>
	</concept>
	<concept>
		<code value="v. d."/>
		<display value="v. d."/>
	</concept>
	<concept>
		<code value="v. dem"/>
		<display value="v. dem"/>
	</concept>
	<concept>
		<code value="v. den"/>
		<display value="v. den"/>
	</concept>
	<concept>
		<code value="v. der"/>
		<display value="v. der"/>
	</concept>
	<concept>
		<code value="v.d."/>
		<display value="v.d."/>
	</concept>
	<concept>
		<code value="v.dem"/>
		<display value="v.dem"/>
	</concept>
	<concept>
		<code value="v.den"/>
		<display value="v.den"/>
	</concept>
	<concept>
		<code value="v.der"/>
		<display value="v.der"/>
	</concept>
	<concept>
		<code value="van"/>
		<display value="van"/>
	</concept>
	<concept>
		<code value="van de"/>
		<display value="van de"/>
	</concept>
	<concept>
		<code value="van dem"/>
		<display value="van dem"/>
	</concept>
	<concept>
		<code value="van den"/>
		<display value="van den"/>
	</concept>
	<concept>
		<code value="van der"/>
		<display value="van der"/>
	</concept>
	<concept>
		<code value="vande"/>
		<display value="vande"/>
	</concept>
	<concept>
		<code value="vandem"/>
		<display value="vandem"/>
	</concept>
	<concept>
		<code value="vanden"/>
		<display value="vanden"/>
	</concept>
	<concept>
		<code value="vander"/>
		<display value="vander"/>
	</concept>
	<concept>
		<code value="van gen"/>
		<display value="van gen"/>
	</concept>
	<concept>
		<code value="van het"/>
		<display value="van het"/>
	</concept>
	<concept>
		<code value="van t"/>
		<display value="van t"/>
	</concept>
	<concept>
		<code value="ven"/>
		<display value="ven"/>
	</concept>
	<concept>
		<code value="ven der"/>
		<display value="ven der"/>
	</concept>
	<concept>
		<code value="ver"/>
		<display value="ver"/>
	</concept>
	<concept>
		<code value="vo"/>
		<display value="vo"/>
	</concept>
	<concept>
		<code value="vom"/>
		<display value="vom"/>
	</concept>
	<concept>
		<code value="vom und zu"/>
		<display value="vom und zu"/>
	</concept>
	<concept>
		<code value="von"/>
		<display value="von"/>
	</concept>
	<concept>
		<code value="von und zu"/>
		<display value="von und zu"/>
	</concept>
	<concept>
		<code value="von und zu der"/>
		<display value="von und zu der"/>
	</concept>
	<concept>
		<code value="von und zur"/>
		<display value="von und zur"/>
	</concept>
	<concept>
		<code value="von de"/>
		<display value="von de"/>
	</concept>
	<concept>
		<code value="von dem"/>
		<display value="von dem"/>
	</concept>
	<concept>
		<code value="von den"/>
		<display value="von den"/>
	</concept>
	<concept>
		<code value="von der"/>
		<display value="von der"/>
	</concept>
	<concept>
		<code value="von la"/>
		<display value="von la"/>
	</concept>
	<concept>
		<code value="von zu"/>
		<display value="von zu"/>
	</concept>
	<concept>
		<code value="von zum"/>
		<display value="von zum"/>
	</concept>
	<concept>
		<code value="von zur"/>
		<display value="von zur"/>
	</concept>
	<concept>
		<code value="vonde"/>
		<display value="vonde"/>
	</concept>
	<concept>
		<code value="vonden"/>
		<display value="vonden"/>
	</concept>
	<concept>
		<code value="vondem"/>
		<display value="vondem"/>
	</concept>
	<concept>
		<code value="vonder"/>
		<display value="vonder"/>
	</concept>
	<concept>
		<code value="von einem"/>
		<display value="von einem"/>
	</concept>
	<concept>
		<code value="von mast"/>
		<display value="von mast"/>
	</concept>
	<concept>
		<code value="vor"/>
		<display value="vor"/>
	</concept>
	<concept>
		<code value="vor dem"/>
		<display value="vor dem"/>
	</concept>
	<concept>
		<code value="vor den"/>
		<display value="vor den"/>
	</concept>
	<concept>
		<code value="vor der"/>
		<display value="vor der"/>
	</concept>
	<concept>
		<code value="vorm"/>
		<display value="vorm"/>
	</concept>
	<concept>
		<code value="vorn"/>
		<display value="vorn"/>
	</concept>
	<concept>
		<code value="y"/>
		<display value="y"/>
	</concept>
	<concept>
		<code value="y del"/>
		<display value="y del"/>
	</concept>
	<concept>
		<code value="zu"/>
		<display value="zu"/>
	</concept>
	<concept>
		<code value="zum"/>
		<display value="zum"/>
	</concept>
	<concept>
		<code value="zur"/>
		<display value="zur"/>
	</concept>
</CodeSystem>
