<CodeSystem xmlns="http://hl7.org/fhir">
	<url value="http://fhir.de/CodeSystem/arge-ik/klassifikation"/>
	<version value="0.1"/>
	<name value="arge-ik-klassifikation"/>
	<status value="draft"/>
	<experimental value="true"/>
	<date value="2017-09-15"/>
	<publisher value="HL7 Deutschland e.V. (Technisches Komitee FHIR)"/>
	<contact>
		<telecom>
			<system value="other"/>
			<value value="http://hl7.de/technische-komitees/fhir/"/>
		</telecom>
	</contact>
	<description value="Klassifikationen und deren Geltungsbereiche, Regionalschlüssel, Seriennummern-Kontingente und Vergabestellen"/>
	<copyright value="HL7 Deutschland e.V."/>
	<valueSet value="http://fhir.de/ValueSet/arge-ik/klassifikation"/>
	<content value="complete"/>
	<concept>
		<code value="10"/>
		<display value="Krankenversicherungsträger"/>
	</concept>
	<concept>
		<code value="11"/>
		<display value="Rentenversicherungsträger"/>
	</concept>
	<concept>
		<code value="12"/>
		<display value="Unfallversicherungsträger"/>
	</concept>
	<concept>
		<code value="13"/>
		<display value="Sozialhilfeträger"/>
	</concept>
	<concept>
		<code value="14"/>
		<display value="Bundesagentur für Arbeit"/>
	</concept>
	<concept>
		<code value="15"/>
		<display value="Versorgungsämter und Orthopädische Versorgungsstellen"/>
	</concept>
	<concept>
		<code value="16"/>
		<display value="Private Krankenversicherungen"/>
	</concept>
	<concept>
		<code value="17"/>
		<display value="Gesundheitsämter"/>
	</concept>
	<concept>
		<code value="18"/>
		<display value="Pflegekassen der Krankenversicherungsträger"/>
	</concept>
	<concept>
		<code value="19"/>
		<display value="Träger der Gemeinschaftsaufgaben und Medizinischer Dienst der Krankenversicherung (MDK) sowie Medizinischer Dienst der Sozialversicherung (MDS)"/>
	</concept>
	<concept>
		<code value="20"/>
		<display value="Kassenärztliche Vereinigungen und Ärzte einschl. selbstabrechnender Ärzte (z.B. Gutachterärzte)"/>
	</concept>
	<concept>
		<code value="21"/>
		<display value="Kassenzahnärztliche Vereinigungen und Zahnärzte einschl. selbstabrechnender Zahnärzte (z.B. Gutachter)"/>
	</concept>
	<concept>
		<code value="22"/>
		<display value="Privatärztliche Verrechnungsstellen"/>
	</concept>
	<concept>
		<code value="26"/>
		<display value="Krankenhäuser, Krankenhausapotheken"/>
	</concept>
	<concept>
		<code value="27"/>
		<display value="Polikliniken, Integrierte Versorgung, Praxiskliniken"/>
	</concept>
	<concept>
		<code value="29"/>
		<display value="Medizinische und technische Labore, Röntgen- und Zahntechnik, Institut für Pathologie, Strahlen- und Hygieneinstitute"/>
	</concept>
	<concept>
		<code value="30"/>
		<display value="Apotheken"/>
	</concept>
	<concept>
		<code value="31"/>
		<display value="Augenoptiker, Augenärzte (als Erbringer von Leistungen, z.B. Kontaktlinsen)"/>
	</concept>
	<concept>
		<code value="32"/>
		<display value="Hörgeräte-Akustiker, HNO-Ärzte (als Erbringer von Leistungen, z.B. Hörgeräteversorgung)"/>
	</concept>
	<concept>
		<code value="33"/>
		<display value="Orthopädiemechaniker, Bandagisten, Sanitätshäuser, Arzt- und Krankenhausbedarf, Stomafachhandel, Hilfsmittel"/>
	</concept>
	<concept>
		<code value="34"/>
		<display value="Orthopädieschuhmacher, Orthopäden (als Erbringer von Leistungen, z.B. Einlagen)"/>
	</concept>
	<concept>
		<code value="35"/>
		<display value="Perückenmacher (Friseure)"/>
	</concept>
	<concept>
		<code value="39"/>
		<display value="Podologen, med. Fußpfleger"/>
	</concept>
	<concept>
		<code value="40"/>
		<display value="Logopäden, Sprachheilbehandler, Sonderschullehrer"/>
	</concept>
	<concept>
		<code value="42"/>
		<display value="Sehschulen"/>
	</concept>
	<concept>
		<code value="43"/>
		<display value="Med. Bademeister, Masseure, Praxen für physikalische Therapie, Orthopäden (als Erbringer von Leistungen, z.B. Massagen), Kurbäder, Kurpacker"/>
	</concept>
	<concept>
		<code value="44"/>
		<display
				value="Krankengymnasten, Physiotherapeuten, Praxen für Physiotherapie, Sportvereine, Schwangerschaftsgymnastik, Rehabilitationssport-, Herzsport- und Behindertensportgruppen, Funktionstrainingsgruppen, Sportstudios, Reittherapie"/>
	</concept>
	<concept>
		<code value="45"/>
		<display value="Hebammen"/>
	</concept>
	<concept>
		<code value="46"/>
		<display value="Kranken- und Altenpfleger, Haushaltshilfen, Hauspfleger, Maschinen- und Betriebshilfsring"/>
	</concept>
	<concept>
		<code value="47"/>
		<display value="Kurverwaltungen"/>
	</concept>
	<concept>
		<code value="48"/>
		<display value="Beschäftigungs- und Suchttherapeuten, Gestaltungs- und Kindertherapie, Ergotherapie, Künstlerische Therapie"/>
	</concept>
	<concept>
		<code value="49"/>
		<display
				value="Sonstige therapeutische Hilfspersonen, Psychologen, Psychotherapeuten, Unterrichtshilfen, Soziotherapie, Frühfördereinrichtung, Sonderpädagogen, Mobilitätstrainer, Gebärdensprachdolmetscher, Heileurythmisten, Sozialpädiatrische Zentren, Nachsorgeeinrichtungen, PEKIP"/>
	</concept>
	<concept>
		<code value="50"/>
		<display
				value="Caritative Organisationen, Diakonie- und Sozialstationen, Gemeindeschwestern, Selbsthilfegruppen, Kirchengemeinden, Stadtverwaltungen (Pflegedienste, Kranken-, Sozial- und Schwesternstationen)"/>
	</concept>
	<concept>
		<code value="51"/>
		<display value="Alten- und Pflegeheime, Tages-und Kurzzeitpflege, Sonderschulheime, Sozialtherapeutische Zentren"/>
	</concept>
	<concept>
		<code value="52"/>
		<display value="Vertragshäuser ohne medizinische Einrichtungen"/>
	</concept>
	<concept>
		<code value="53"/>
		<display value="Einrichtungen für Maßnahmen der beruflichen Rehabilitation"/>
	</concept>
	<concept>
		<code value="54"/>
		<display value="Ambulante und mobile Rehabilitationseinrichtungen"/>
	</concept>
	<concept>
		<code value="57"/>
		<display value="Stationäre Vorsorge- und Rehabilitationseinrichtungen"/>
	</concept>
	<concept>
		<code value="59"/>
		<display value="Sonstige Erbringer von Leistungen i. S. des SGB"/>
	</concept>
	<concept>
		<code value="60"/>
		<display value="Krankentransportunternehmen, Ärzte als Leistungserbringer in der notfallärztlichen Versorgung"/>
	</concept>
	<concept>
		<code value="65"/>
		<display value="Bestattungsunternehmen"/>
	</concept>
	<concept>
		<code value="66"/>
		<display value="Abrechnungsstellen, Rechenzentren, Rechnungsprüfstellen"/>
	</concept>
	<concept>
		<code value="67"/>
		<display value="Krebsregister gemäß Krebsfrüherkennungs- und -registergesetz (KFRG)"/>
	</concept>
	<concept>
		<code value="89"/>
		<display value="Gruppenkennzeichen zur Zusammenfassung mehrerer IK"/>
	</concept>
	<concept>
		<code value="93"/>
		<display value="Beihilfestellen"/>
	</concept>
	<concept>
		<code value="94"/>
		<display value="Pflegekassen außerhalb der gesetzlichen Krankenversicherung"/>
	</concept>
	<concept>
		<code value="95"/>
		<display value="Krankenversicherungsträger außerhalb der gesetzlichen Krankenversicherung"/>
	</concept>
	<concept>
		<code value="96"/>
		<display value="Behörden des Bundes und der Länder, Gerichte"/>
	</concept>
	<concept>
		<code value="97"/>
		<display value="Reserviert zur verwaltungsinternen freien Verwendung bei den Institutionen"/>
	</concept>
	<concept>
		<code value="98"/>
		<display value="Reserviert zur verwaltungsinternen freien Verwendung bei den Institutionen"/>
	</concept>
	<concept>
		<code value="99"/>
		<display value="Reserviert zur verwaltungsinternen freien Verwendung bei den Institutionen"/>
	</concept>
</CodeSystem>