<CodeSystem xmlns="http://hl7.org/fhir">
	<url value="http://fhir.de/CodeSystem/deuev/anlage-7-namenszusaetze"/>
	<version value="2.25"/>
	<name value="deuev-anlage-7-namenszusaetze"/>
	<status value="draft"/>
	<experimental value="true"/>
	<date value="2017-09-15"/>
	<publisher value="HL7 Deutschland e.V. (Technisches Komitee FHIR)"/>
	<contact>
		<telecom>
			<system value="other"/>
			<value value="http://hl7.de/technische-komitees/fhir/"/>
		</telecom>
	</contact>
	<description value="Tabelle der gültigen Namenszusätze"/>
	<copyright value="GKV-Spitzenverband"/>
	<content value="complete"/>
	<concept>
		<code value="Bar"/>
		<display value="Bar"/>
	</concept>
	<concept>
		<code value="Baron"/>
		<display value="Baron"/>
	</concept>
	<concept>
		<code value="Baroness"/>
		<display value="Baroness"/>
	</concept>
	<concept>
		<code value="Baronesse"/>
		<display value="Baronesse"/>
	</concept>
	<concept>
		<code value="Baronin"/>
		<display value="Baronin"/>
	</concept>
	<concept>
		<code value="Brand"/>
		<display value="Brand"/>
	</concept>
	<concept>
		<code value="Burggraf"/>
		<display value="Burggraf"/>
	</concept>
	<concept>
		<code value="Burggräfin"/>
		<display value="Burggräfin"/>
	</concept>
	<concept>
		<code value="Condesa"/>
		<display value="Condesa"/>
	</concept>
	<concept>
		<code value="Earl"/>
		<display value="Earl"/>
	</concept>
	<concept>
		<code value="Edle"/>
		<display value="Edle"/>
	</concept>
	<concept>
		<code value="Edler"/>
		<display value="Edler"/>
	</concept>
	<concept>
		<code value="Erbgraf"/>
		<display value="Erbgraf"/>
	</concept>
	<concept>
		<code value="Erbgräfin"/>
		<display value="Erbgräfin"/>
	</concept>
	<concept>
		<code value="Erbprinz"/>
		<display value="Erbprinz"/>
	</concept>
	<concept>
		<code value="Erbprinzessin"/>
		<display value="Erbprinzessin"/>
	</concept>
	<concept>
		<code value="Ffr"/>
		<display value="Ffr"/>
	</concept>
	<concept>
		<code value="Freifr"/>
		<display value="Freifr"/>
	</concept>
	<concept>
		<code value="Freifräulein"/>
		<display value="Freifräulein"/>
	</concept>
	<concept>
		<code value="Freifrau"/>
		<display value="Freifrau"/>
	</concept>
	<concept>
		<code value="Freih"/>
		<display value="Freih"/>
	</concept>
	<concept>
		<code value="Freiherr"/>
		<display value="Freiherr"/>
	</concept>
	<concept>
		<code value="Freiin"/>
		<display value="Freiin"/>
	</concept>
	<concept>
		<code value="Frf"/>
		<display value="Frf"/>
	</concept>
	<concept>
		<code value="Frf."/>
		<display value="Frf."/>
	</concept>
	<concept>
		<code value="Frfr"/>
		<display value="Frfr"/>
	</concept>
	<concept>
		<code value="Frfr."/>
		<display value="Frfr."/>
	</concept>
	<concept>
		<code value="Frh"/>
		<display value="Frh"/>
	</concept>
	<concept>
		<code value="Frh."/>
		<display value="Frh."/>
	</concept>
	<concept>
		<code value="Frhr"/>
		<display value="Frhr"/>
	</concept>
	<concept>
		<code value="Frhr."/>
		<display value="Frhr."/>
	</concept>
	<concept>
		<code value="Fst"/>
		<display value="Fst"/>
	</concept>
	<concept>
		<code value="Fst."/>
		<display value="Fst."/>
	</concept>
	<concept>
		<code value="Fstn"/>
		<display value="Fstn"/>
	</concept>
	<concept>
		<code value="Fstn."/>
		<display value="Fstn."/>
	</concept>
	<concept>
		<code value="Fürst"/>
		<display value="Fürst"/>
	</concept>
	<concept>
		<code value="Fürstin Graf"/>
		<display value="Fürstin Graf"/>
	</concept>
	<concept>
		<code value="Gräfin"/>
		<display value="Gräfin"/>
	</concept>
	<concept>
		<code value="Grf"/>
		<display value="Grf"/>
	</concept>
	<concept>
		<code value="Grfn"/>
		<display value="Grfn"/>
	</concept>
	<concept>
		<code value="Grossherzog"/>
		<display value="Grossherzog"/>
	</concept>
	<concept>
		<code value="Großherzog"/>
		<display value="Großherzog"/>
	</concept>
	<concept>
		<code value="Grossherzogin"/>
		<display value="Grossherzogin"/>
	</concept>
	<concept>
		<code value="Großherzogin"/>
		<display value="Großherzogin"/>
	</concept>
	<concept>
		<code value="Gr Markgraf"/>
		<display value="Gr Markgraf"/>
	</concept>
	<concept>
		<code value="Herzog"/>
		<display value="Herzog"/>
	</concept>
	<concept>
		<code value="Herzogin"/>
		<display value="Herzogin"/>
	</concept>
	<concept>
		<code value="Markgräfin"/>
		<display value="Markgräfin"/>
	</concept>
	<concept>
		<code value="Marques"/>
		<display value="Marques"/>
	</concept>
	<concept>
		<code value="Marquis"/>
		<display value="Marquis"/>
	</concept>
	<concept>
		<code value="Marschall"/>
		<display value="Marschall"/>
	</concept>
	<concept>
		<code value="Ostoja"/>
		<display value="Ostoja"/>
	</concept>
	<concept>
		<code value="Prinz"/>
		<display value="Prinz"/>
	</concept>
	<concept>
		<code value="Prinzessin"/>
		<display value="Prinzessin"/>
	</concept>
	<concept>
		<code value="Przin"/>
		<display value="Przin"/>
	</concept>
	<concept>
		<code value="Jhr"/>
		<display value="Jhr"/>
	</concept>
	<concept>
		<code value="Jhr."/>
		<display value="Jhr."/>
	</concept>
	<concept>
		<code value="Jonkheer"/>
		<display value="Jonkheer"/>
	</concept>
	<concept>
		<code value="Junker Rabe"/>
		<display value="Junker Rabe"/>
	</concept>
	<concept>
		<code value="Reichsgraf"/>
		<display value="Reichsgraf"/>
	</concept>
	<concept>
		<code value="Reichsgräfin"/>
		<display value="Reichsgräfin"/>
	</concept>
	<concept>
		<code value="Ritter"/>
		<display value="Ritter"/>
	</concept>
	<concept>
		<code value="Rr"/>
		<display value="Rr"/>
	</concept>
	<concept>
		<code value="Landgraf"/>
		<display value="Landgraf"/>
	</concept>
	<concept>
		<code value="Landgräfin Truchsess"/>
		<display value="Landgräfin Truchsess"/>
	</concept>
	<concept>
		<code value="Truchseß"/>
		<display value="Truchseß"/>
	</concept>
</CodeSystem>
