<CodeSystem xmlns="http://hl7.org/fhir">
	<url value="http://fhir.de/CodeSystem/versicherungsart-de-basis"/>
	<version value="0.1"/>
	<name value="versicherungsart-de-basis"/>
	<status value="draft"/>
	<experimental value="true"/>
	<date value="2017-09-15"/>
	<publisher value="HL7 Deutschland e.V. (Technisches Komitee FHIR)"/>
	<contact>
		<telecom>
			<system value="other"/>
			<value value="http://hl7.de/technische-komitees/fhir/"/>
		</telecom>
	</contact>
	<description value="Art der Versicherung bzw. des Kostenträgers."></description>
	<copyright value="HL7 Deutschland e.V."/>
	<valueSet value="http://fhir.de/ValueSet/versicherungsart-de-basis"/>
	<content value="complete"/>
	<concept>
		<code value="GKV"/>
		<display value="gesetzliche Krankenversicherung"/>
	</concept>
	<concept>
		<code value="PKV"/>
		<display value="private Krankenversicherung"/>
	</concept>
	<concept>
		<code value="BG"/>
		<display value="Berufsgenossenschaft"/>
	</concept>
	<concept>
		<code value="SEL"/>
		<display value="Selbstzahler"/>
	</concept>
	<concept>
		<code value="SOZ"/>
		<display value="Sozialamt"/>
	</concept>
</CodeSystem> 
