<NamingSystem xmlns="http://hl7.org/fhir">
	<meta>
		<profile value="http://fhir.de/StructureDefinition/namingsystem-de-basis"/>
	</meta>
	<name value="arge-ik-iknr"/>
	<status value="draft"/>
	<kind value="identifier"/>
	<date value="2017-09-15"/>
	<publisher value="HL7 Deutschland e.V. (Technisches Komitee FHIR)"/>
	<contact>
		<telecom>
			<system value="other"/>
			<value value="http://hl7.de/technische-komitees/fhir/"/>
		</telecom>
	</contact>
	<responsible value="Arbeitsgemeinschaft Institutionskennzeichen (ARGE-IK)"/>
	<type>
		<coding>
			<system value="http://hl7.org/fhir/v2/0203"/>
			<code value="XX"/>
		</coding>
	</type>
	<description
			value="Die Institutionskennzeichen (kurz: IK) sind bundesweit eindeutige, neunstellige Zahlen, mit deren Hilfe Abrechnungen und Qualitätssicherungsmaßnahmen im Bereich der deutschen Sozialversicherung einrichtungsübergreifend abgewickelt werden können."/>
	<usage value="Das IK ist ein eindeutiges Merkmal für die Abrechnung mit den Trägern der Sozialversicherung."/>
	<uniqueId>
		<type value="oid"/>
		<value value="1.2.276.0.76.4.5"/>
	</uniqueId>
	<uniqueId>
		<type value="uri"/>
		<value value="http://fhir.de/NamingSystem/arge-ik/iknr"/>
		<preferred value="true"/>
		<period>
			<start value="2017-09-15"/>
		</period>
	</uniqueId>
</NamingSystem>
