<ValueSet xmlns="http://hl7.org/fhir">
	<url value="http://fhir.de/ValueSet/versicherungsart-de-basis"/>
	<version value="0.1"/>
	<name value="versicherungsart-de-basis"/>
	<status value="draft"/>
	<experimental value="true"/>
	<date value="2017-09-15"/>
	<publisher value="HL7 Deutschland e.V. (Technisches Komitee FHIR)"/>
	<contact>
		<telecom>
			<system value="other"/>
			<value value="http://hl7.de/technische-komitees/fhir/"/>
		</telecom>
	</contact>
	<description value="ValueSet für die in Deutschland üblichen Versicherungsarten"/>
	<copyright value="HL7 Deutschland e.V."/>
	<compose>
		<include>
			<system value="http://fhir.de/CodeSystem/versicherungsart-de-basis"/>
		</include>
	</compose>
	<expansion>
		<identifier value="urn:uuid:5d03e8e9-fe99-4f73-85a6-30102d1f5f5f"/>
		<timestamp value="2017-09-12T19:04:54+02:00"/>
		<total value="5"/>
		<parameter>
			<name value="version"/>
			<valueUri value="http://fhir.de/CodeSystem/versicherungsart-de-basis|0.1"/>
		</parameter>
		<contains>
			<system value="http://fhir.de/CodeSystem/versicherungsart-de-basis"/>
			<code value="GKV"/>
			<display value="gesetzliche Krankenversicherung"/>
		</contains>
		<contains>
			<system value="http://fhir.de/CodeSystem/versicherungsart-de-basis"/>
			<code value="PKV"/>
			<display value="private Krankenversicherung"/>
		</contains>
		<contains>
			<system value="http://fhir.de/CodeSystem/versicherungsart-de-basis"/>
			<code value="BG"/>
			<display value="Berufsgenossenschaft"/>
		</contains>
		<contains>
			<system value="http://fhir.de/CodeSystem/versicherungsart-de-basis"/>
			<code value="SEL"/>
			<display value="Selbstzahler"/>
		</contains>
		<contains>
			<system value="http://fhir.de/CodeSystem/versicherungsart-de-basis"/>
			<code value="SOZ"/>
			<display value="Sozialamt"/>
		</contains>
	</expansion>
</ValueSet>
