<ValueSet xmlns="http://hl7.org/fhir">
	<url value="http://fhir.de/ValueSet/dimdi/ops"/>
	<version value="0.1"/>
	<name value="ops"/>
	<status value="draft"/>
	<experimental value="true"/>
	<date value="2017-09-15"/>
	<publisher value="HL7 Deutschland e.V. (Technisches Komitee FHIR)"/>
	<contact>
		<telecom>
			<system value="other"/>
			<value value="http://hl7.de/technische-komitees/fhir/"/>
		</telecom>
	</contact>
	<description
			value="Operationen- und Prozedurenschlüssel nach §301 SGB V - OPS Internationale Klassifikation der Prozeduren in der Medizin, alle Versionen; DIMDI, BMG"/>
	<copyright value="HL7 Deutschland e.V."/>
	<compose>
		<include>
			<system value="http://fhir.de/CodeSystem/dimdi/ops|*"/>
		</include>
	</compose>
</ValueSet>
