<ValueSet xmlns="http://hl7.org/fhir">
	<url value="http://fhir.de/ValueSet/dimdi/icd-10-gm"/>
	<version value="0.1"/>
	<name value="icd-10-gm"/>
	<status value="draft"/>
	<experimental value="true"/>
	<date value="2017-09-15"/>
	<publisher value="HL7 Deutschland e.V. (Technisches Komitee FHIR)"/>
	<contact>
		<telecom>
			<system value="other"/>
			<value value="http://hl7.de/technische-komitees/fhir/"/>
		</telecom>
	</contact>
	<description
			value="Internationale statistische Klassifikation der Krankheiten und verwandter Gesundheitsprobleme, 10. Revision, German Modification (ICD-10-GM)"/>
	<copyright value="HL7 Deutschland e.V."/>
	<compose>
		<include>
			<system value="http://fhir.de/CodeSystem/dimdi/icd-10-gm|*"/>
		</include>
	</compose>
</ValueSet>