<Patient xmlns="http://hl7.org/fhir">
	<meta>
		<profile value="http://fhir.de/StructureDefinition/patient-de-basis"/>
	</meta>
	<text>
		<status value="generated"/>
		<div xmlns="http://www.w3.org/1999/xhtml">
			<p>Patient: Martha Mustermann, geb. Testinghausen, gesch. Beispühl</p>
		</div>
	</text>
	<name>
		<use value="official"/>
		<text value="Martha Mustermann"/>
		<family value="Mustermann"/>
		<given value="Martha"/>
	</name>
	<name>
		<use value="maiden"/>
		<family value="Testinghausen"/>
	</name>
	<name>
		<use value="old"/>
		<family value="Beispühl"/>
	</name>
</Patient>
