<Patient xmlns="http://hl7.org/fhir">
	<meta>
		<profile value="http://fhir.de/StructureDefinition/patient-de-basis"/>
	</meta>
	<name>
		<use value="official"/>
		<text value="Ludwig van Beethoven"/>
		<family value="van Beethoven">
			<extension url="http://hl7.org/fhir/StructureDefinition/humanname-own-prefix">
				<valueString value="van"/>
			</extension>
			<extension url="http://hl7.org/fhir/StructureDefinition/humanname-own-name">
				<valueString value="Beethoven"/>
			</extension>
		</family>
		<given value="Ludwig"/>
	</name>
</Patient>
